doc_id,approved,p_true,item_category,supplier_trust,increase_rate,month,days_since_last_change,season_signal,rule_violation,exception_flags,review_result
DOC-000000,0,0.7448395615589296,frozen,0.68,0.03357128234771331,4,27.208673691443686,-0.2250000000000002,none,,승인가능
DOC-000001,1,0.6375706000346872,frozen,0.5479213433588199,0.06189344187515991,6,157.93742041329827,-0.45,none,,승인가능
DOC-000002,1,0.9579992619978388,grain,0.7734907905857604,0.004458472284650468,5,160.5277717838778,-0.30310889132455354,none,,승인가능
DOC-000003,0,0.4261601061605398,meat,0.5376007584991788,0.10391586643602058,1,199.32196377752345,-0.27500000000000024,none,,승인가능
DOC-000004,1,0.8065557151513312,grain,0.48,0.010505015596348491,12,126.75380319566679,0.17500000000000002,none,,승인가능
DOC-000005,0,0.17907830846207892,vegetable,0.5987221485779054,0.10549907796867475,12,33.689263148728415,-0.8227241335952168,none,,승인가능
DOC-000006,1,0.8586945139625188,sauce,0.68,0.035345764685122634,8,83.86836388930261,0.15000000000000002,none,,승인가능
DOC-000007,0,0.5875588913077697,sauce,0.5987221485779054,0.039563518019860536,6,13.351990092273303,0.3,none,,승인가능
DOC-000008,1,0.8070519176320357,sauce,0.68,0.05232804303137564,12,104.98274427086209,-0.3,none,,승인가능
DOC-000009,0,0.4906770987981862,grain,0.48,0.03965385434668944,7,31.677941453967495,2.143131898507868e-17,none,,승인가능
DOC-000010,1,0.8764048359246094,vegetable,0.7734907905857604,0.047732977800120924,6,45.127405825606544,0.8227241335952168,none,,승인가능
DOC-000011,0,0.6165041364712768,meat,0.55,0.051609848214125474,3,84.85930203539225,-0.55,none,,승인가능
DOC-000012,1,0.6722204486733955,grain,0.5987221485779054,0.04757305999454016,3,59.264153541362866,-0.30310889132455354,none,,승인가능
DOC-000013,1,0.8770759780826031,dairy,0.72,0.05261166753941077,6,157.90976710054542,2.4492935982947065e-17,none,,승인가능
DOC-000014,0,0.22388768650110474,packaging,0.7734907905857604,0.1380844521934193,9,3.0,-9.184850993605149e-18,none,,승인가능
DOC-000015,0,0.130274480781199,packaging,0.7185558772859356,0.15966038983067993,8,9.951756547508007,-0.025000000000000022,none,,승인가능
DOC-000016,1,0.9106054666472726,vegetable,0.55,-0.01660991925885806,8,129.30551805050828,0.8227241335952168,none,,승인가능
DOC-000017,1,0.8226903558077334,grain,0.7734907905857604,0.062349811537491785,11,47.2632699038693,0.30310889132455354,none,,승인가능
DOC-000018,0,0.02,sauce,0.72,0.010675212456530983,7,12.26321897382577,0.2598076211353316,spec_mismatch,spec_mismatch,보류필요
DOC-000019,1,0.9516732213238017,vegetable,0.68,-0.010666074314413715,10,186.01731914234148,5.817072295949927e-17,none,,승인가능
DOC-000020,1,0.7156883982203106,meat,0.8,0.0886777413817538,9,21.40477535658643,0.55,none,,승인가능
DOC-000021,1,0.8668361113231356,sauce,0.561851874525168,0.014005572182425041,3,173.02904204028275,1.8369701987210297e-17,none,,승인가능
DOC-000022,1,0.8246602913979664,frozen,0.7185558772859356,0.05503633496671786,11,60.476993152227536,0.38971143170299744,none,,승인가능
DOC-000023,1,0.7582854973842883,dairy,0.55,0.028368278362183398,7,83.13126934724569,-0.19999999999999993,none,,승인가능
DOC-000024,0,0.02,meat,0.72,0.031002945955627484,10,41.74130092822159,0.47631397208144133,missing_required,missing_required,확인필요
DOC-000025,0,0.6324033744367278,frozen,0.561851874525168,0.06354233352030045,5,125.95516713371607,-0.3897114317029975,none,,승인가능
DOC-000026,1,0.900386586661997,grain,0.8,0.02064970114263777,11,32.88319087258415,0.30310889132455354,none,,승인가능
DOC-000027,0,0.2675006653671183,seafood,0.72,0.14060077143657526,8,72.62397099846822,-0.736121593216773,none,,승인가능
DOC-000028,1,0.6797761734007423,meat,0.5987221485779054,0.0604348797116195,5,98.1371814346885,-0.2749999999999999,none,,승인가능
DOC-000029,1,0.744554486907078,vegetable,0.68,0.06065938933480426,10,63.26081690245702,5.817072295949927e-17,none,,승인가능
DOC-000030,0,0.3663787302192247,vegetable,0.5987221485779054,0.08260454159021212,12,52.853764996279885,-0.8227241335952168,none,,승인가능
DOC-000031,1,0.9238134893747733,grain,0.8,0.04058602982608257,12,101.5396688024441,0.17500000000000002,none,,승인가능
DOC-000032,0,0.02,vegetable,0.5376007584991788,0.16913763889454392,2,75.4732233847386,-0.8227241335952168,missing_required,missing_required,확인필요
DOC-000033,1,0.527221025865286,packaging,0.48,0.0793043030941979,12,190.8647409894269,0.05,none,,승인가능
DOC-000034,0,0.04678901778295716,vegetable,0.72,0.2915620908337249,10,82.68294459182403,5.817072295949927e-17,none,,승인가능
DOC-000035,0,0.3097008898459596,seafood,0.5987221485779054,0.09817945178877782,8,61.97370233476597,-0.736121593216773,none,,승인가능
DOC-000036,1,0.42293271933873666,dairy,0.5376007584991788,0.09442710382377303,1,67.34769792225389,0.20000000000000007,none,,승인가능
DOC-000037,0,0.6782746120150664,meat,0.561851874525168,0.06641015479015906,5,271.62524089050015,-0.2749999999999999,none,,승인가능
DOC-000038,0,0.02,sauce,0.5376007584991788,0.18786045165394175,9,68.70392065820701,1.8369701987210297e-17,spec_mismatch,spec_mismatch,보류필요
DOC-000039,0,0.02,sauce,0.5479213433588199,0.06257665001401212,9,61.36353601783899,1.8369701987210297e-17,unit_mismatch,spec_mismatch;unit_mismatch,보류필요
DOC-000040,0,0.3330009684107645,sauce,0.561851874525168,0.12978473890032635,12,270.6322331579359,-0.3,none,,승인가능
DOC-000041,1,0.9280696502364603,vegetable,0.5987221485779054,-0.008757583283962643,10,216.9684968446672,5.817072295949927e-17,none,,승인가능
DOC-000042,0,0.7880423657313247,dairy,0.5376007584991788,0.028534716044954334,12,120.42419655356923,-7.347880794884119e-17,none,,승인가능
DOC-000043,0,0.2664469287742042,seafood,0.5376007584991788,0.17852243126528652,2,89.86211029326037,0.7361215932167728,none,,승인가능
DOC-000044,1,0.850606051657466,dairy,0.561851874525168,-0.005280346202841556,11,56.02434583286773,-0.20000000000000018,none,,승인가능
DOC-000045,0,0.06995835558877904,vegetable,0.7185558772859356,0.160109581353485,1,27.362577305500274,-0.95,none,,승인가능
DOC-000046,0,0.13445568013383682,vegetable,0.5479213433588199,0.14968554370001363,2,277.1064076649126,-0.8227241335952168,none,,승인가능
DOC-000047,1,0.8814530866502307,packaging,0.8990778262786678,0.0668548584977799,8,46.187837821273284,-0.025000000000000022,none,,승인가능
DOC-000048,1,0.6577133951092556,vegetable,0.7185558772859356,0.052023488921952986,2,29.767843807938196,-0.8227241335952168,none,,승인가능
DOC-000049,1,0.7219034898437326,frozen,0.561851874525168,0.054292744347420235,10,108.40674680861041,0.22500000000000006,none,,승인가능
DOC-000050,1,0.7903825612741007,frozen,0.7185558772859356,0.06365798314894479,10,61.27923520909708,0.22500000000000006,none,,승인가능
DOC-000051,1,0.9168390351146224,dairy,0.7185558772859356,-0.007281854422482576,12,40.67842906032747,-7.347880794884119e-17,none,,승인가능
DOC-000052,0,0.02,seafood,0.5376007584991788,0.05612555612624577,12,136.11171625062448,0.7361215932167726,spec_mismatch,spec_mismatch,보류필요
DOC-000053,1,0.8586327358023947,frozen,0.8,0.05951422400767348,2,55.08723570429358,0.22500000000000006,none,,승인가능
DOC-000054,1,0.4738551076816911,sauce,0.7185558772859356,0.08897992879599395,9,16.121089574132203,1.8369701987210297e-17,none,,승인가능
DOC-000055,0,0.5275214814123054,frozen,0.5376007584991788,0.05889616681596633,7,64.66280623209002,-0.38971143170299744,none,,승인가능
DOC-000056,1,0.9164059344319283,sauce,0.5376007584991788,-0.0189520748288077,9,172.90066265719693,1.8369701987210297e-17,none,,승인가능
DOC-000057,1,0.7694531390137848,sauce,0.72,0.07772644270422417,12,123.63354200331452,-0.3,none,,승인가능
DOC-000058,0,0.8044269298296779,frozen,0.7734907905857604,0.09573134764963581,1,80.69513286839275,0.38971143170299727,none,,승인가능
DOC-000059,0,0.540295768306964,frozen,0.5376007584991788,0.08435714601761113,4,184.91868556544054,-0.2250000000000002,none,,승인가능
DOC-000060,0,0.007733479340046776,vegetable,0.5376007584991788,0.233976676012585,11,43.9623209338429,-0.47499999999999976,none,,승인가능
DOC-000061,1,0.8467806881943494,sauce,0.8,0.1005243141570703,9,277.13221704377804,1.8369701987210297e-17,none,,승인가능
DOC-000062,1,0.5136469328693133,vegetable,0.5376007584991788,0.060562018679153,10,47.98095897405308,5.817072295949927e-17,none,,승인가능
DOC-000063,1,0.8935285380377876,dairy,0.7734907905857604,0.05581883271132979,10,201.28624112741616,-0.34641016151377557,none,,승인가능
DOC-000064,0,0.24829037012857202,dairy,0.7734907905857604,0.15246522849603653,1,9.100008889703714,0.20000000000000007,none,,승인가능
DOC-000065,1,0.8597535674625304,meat,0.5479213433588199,0.015739099820160418,6,219.55132185034267,3.367778697655222e-17,none,,승인가능
DOC-000066,0,0.536755405586352,packaging,0.55,0.05817775123489945,5,47.03625517162449,-0.04330127018922194,none,,승인가능
DOC-000067,1,0.896783895796099,vegetable,0.7185558772859356,0.020959246721516965,8,56.92326479154622,0.8227241335952168,none,,승인가능
DOC-000068,1,0.8051982337987008,vegetable,0.5376007584991788,0.02132689563755879,12,153.77612972068974,-0.8227241335952168,none,,승인가능
DOC-000069,1,0.5618376725954235,meat,0.55,0.09425336613493507,11,128.42538582418786,0.2750000000000001,none,,승인가능
DOC-000070,1,0.9594229784133492,packaging,0.8990778262786678,0.0019911560871651458,9,42.05149841406733,-9.184850993605149e-18,none,,승인가능
DOC-000071,0,0.02,meat,0.561851874525168,0.047183838859878875,12,174.25303351862536,3.367778697655222e-17,missing_required,missing_required,확인필요
DOC-000072,1,0.5679056070397258,frozen,0.5376007584991788,0.06322186588882232,5,98.1863313160015,-0.3897114317029975,none,,승인가능
DOC-000073,1,0.7814280067800722,vegetable,0.72,0.03244503271341603,12,33.71399709635544,-0.8227241335952168,none,,승인가능
DOC-000074,1,0.5544285862719948,grain,0.7185558772859356,0.08363371220933256,8,19.71379860889373,0.17500000000000002,none,,승인가능
DOC-000075,1,0.7209211111666384,packaging,0.5987221485779054,0.05402562104157457,11,84.89768655669185,0.04330127018922192,none,,승인가능
DOC-000076,0,0.02,sauce,0.72,0.08325639315694132,11,182.34063646249473,-0.2598076211353316,unit_mismatch,spec_mismatch;unit_mismatch,보류필요
DOC-000077,1,0.8253115900690746,packaging,0.7185558772859356,0.06885633372509112,1,118.57613101344974,0.04330127018922194,none,,승인가능
DOC-000078,1,0.6496910438992229,grain,0.72,0.054626973080762545,1,14.134124061498493,-6.429395695523604e-17,none,,승인가능
DOC-000079,0,0.34089401028841837,packaging,0.7185558772859356,0.16522778211540362,2,71.18281838124092,0.02500000000000001,none,,승인가능
DOC-000080,1,0.8532044108317376,frozen,0.8990778262786678,0.16714301933401776,11,233.4222811447885,0.38971143170299744,none,,승인가능
DOC-000081,1,0.6495173874391335,frozen,0.5376007584991788,0.0366012324888998,1,41.04076990536008,0.38971143170299727,none,,승인가능
DOC-000082,1,0.8540487613469802,frozen,0.72,0.0508822121741682,7,131.51867003556487,-0.38971143170299744,none,,승인가능
DOC-000083,0,0.8600364482223415,sauce,0.7734907905857604,0.07318429359362538,5,97.49582265778753,0.2598076211353316,none,,승인가능
DOC-000084,0,0.08089934159606398,dairy,0.72,0.21523039048678405,9,66.09260161347345,-0.4,none,,승인가능
DOC-000085,0,0.002482092625382182,seafood,0.48,0.23185969724898922,6,33.18030223978276,-0.7361215932167728,none,,승인가능
DOC-000086,0,0.02,meat,0.561851874525168,0.06953441655631087,10,38.222811189093434,0.47631397208144133,unit_mismatch,spec_mismatch;unit_mismatch,보류필요
DOC-000087,0,0.02,frozen,0.5376007584991788,0.016523629729895226,2,107.74366654024819,0.22500000000000006,duplicate,duplicate_suspected,보류필요
DOC-000088,0,0.535699287657458,vegetable,0.5987221485779054,0.07871909747688648,7,22.330848507843974,0.95,none,,승인가능
DOC-000089,0,0.6833559078996244,grain,0.55,0.04401057763869697,8,66.15312249747086,0.17500000000000002,none,,승인가능
DOC-000090,0,0.6344914261166903,grain,0.55,0.07282738418810857,12,119.1786151780106,0.17500000000000002,none,,승인가능
DOC-000091,0,0.37002435693146163,sauce,0.7734907905857604,0.19978385999800954,8,87.91661786643334,0.15000000000000002,none,,승인가능
DOC-000092,0,0.01808154629251193,sauce,0.55,0.25733555722542134,2,87.31682769038696,-0.14999999999999994,none,,승인가능
DOC-000093,1,0.8971193788172107,vegetable,0.8,0.03047032868050428,6,33.62420192533038,0.8227241335952168,none,,승인가능
DOC-000094,1,0.44201279940166527,sauce,0.55,0.06785994805438411,1,44.26709024523365,-0.2598076211353316,none,,승인가능
DOC-000095,0,0.5930208284808635,dairy,0.5987221485779054,0.027695427280866346,6,6.437259421624842,2.4492935982947065e-17,none,,승인가능
DOC-000096,1,0.4446621370740703,grain,0.5987221485779054,0.05362199128645859,12,4.83778778930616,0.17500000000000002,none,,승인가능
DOC-000097,1,0.7071872234118931,sauce,0.7185558772859356,0.04165516541184981,12,17.846626322649204,-0.3,none,,승인가능
DOC-000098,0,0.010600581286498817,grain,0.5987221485779054,0.2553101960783686,1,22.813348853262994,-6.429395695523604e-17,none,,승인가능
DOC-000099,0,0.669297996268205,sauce,0.55,0.04200396812793657,4,56.92983599835224,0.15000000000000002,none,,승인가능
DOC-000100,0,0.02,seafood,0.561851874525168,0.03413555717945462,6,12.282120828681094,-0.7361215932167728,spec_mismatch,spec_mismatch,보류필요
DOC-000101,1,0.8726000574153285,seafood,0.7734907905857604,0.04569978530498575,3,51.42722458318142,0.4250000000000001,none,,승인가능
DOC-000102,0,0.03429824593345919,meat,0.5987221485779054,0.17892152128330796,2,26.86300807439699,-0.4763139720814414,none,,승인가능
DOC-000103,1,0.862580733224414,meat,0.5376007584991788,0.0012622286753102355,6,107.42124318812243,3.367778697655222e-17,none,,승인가능
DOC-000104,0,0.019447423754732546,sauce,0.48,0.18240081175752,10,23.190312510482304,-0.14999999999999994,none,,승인가능
DOC-000105,0,0.02,sauce,0.5987221485779054,0.07454479141523973,9,79.78616740043418,1.8369701987210297e-17,spec_mismatch,spec_mismatch,보류필요
DOC-000106,0,0.6223107986645917,vegetable,0.5987221485779054,0.07692722443847486,8,44.089287573139494,0.8227241335952168,none,,승인가능
DOC-000107,0,0.9224578216685723,packaging,0.7734907905857604,0.0376023315602845,10,130.75992222373642,0.02500000000000001,none,,승인가능
DOC-000108,1,0.9337442593392848,sauce,0.8,0.011366870474577864,5,54.81556410730035,0.2598076211353316,none,,승인가능
DOC-000109,1,0.7204435512345374,grain,0.561851874525168,0.03189214044503226,1,57.153486313996396,-6.429395695523604e-17,none,,승인가능
DOC-000110,1,0.800753923564924,frozen,0.5376007584991788,0.008460161166141957,12,59.45969123338694,0.45,none,,승인가능
DOC-000111,1,0.7333005387160693,seafood,0.72,0.07653320123154053,4,65.57690487553727,5.204748896376251e-17,none,,승인가능
DOC-000112,1,0.965521809514672,seafood,0.7734907905857604,-0.002233497107315438,9,229.0843279078945,-0.4250000000000004,none,,승인가능
DOC-000113,0,0.5661327517468149,meat,0.561851874525168,0.04159010029427431,6,25.71512942662287,3.367778697655222e-17,none,,승인가능
DOC-000114,1,0.9282304293549126,vegetable,0.7734907905857604,-0.014224723046506123,8,23.88985943363562,0.8227241335952168,none,,승인가능
DOC-000115,0,0.09766845054782827,sauce,0.72,0.17921459228365327,11,24.350913561606806,-0.2598076211353316,none,,승인가능
DOC-000116,0,0.5379620888908747,frozen,0.48,0.02083853882268946,12,13.722478170593519,0.45,none,,승인가능
DOC-000117,0,0.13577205627301844,sauce,0.72,0.15969450676732935,9,10.14271085057746,1.8369701987210297e-17,none,,승인가능
DOC-000118,0,0.02,dairy,0.5987221485779054,0.032846182729452236,9,34.448093413025866,-0.4,unit_mismatch,spec_mismatch;unit_mismatch,보류필요
DOC-000119,0,0.6579311624615959,grain,0.55,0.06328900290713771,4,193.5862951885172,-0.35,none,,승인가능
DOC-000120,0,0.7704354341656859,grain,0.7185558772859356,0.047314426768275165,11,29.76803728693831,0.30310889132455354,none,,승인가능
DOC-000121,1,0.689046803614208,packaging,0.5376007584991788,0.033501680423654305,7,59.896654149534534,-0.043301270189221946,none,,승인가능
DOC-000122,0,0.02,dairy,0.8,-0.020339576454319275,7,169.88607318734194,-0.19999999999999993,duplicate,duplicate_suspected,보류필요
DOC-000123,1,0.9298487115371445,vegetable,0.7734907905857604,0.06879405736913645,7,210.25389138957624,0.95,none,,승인가능
DOC-000124,1,0.7636239074563473,frozen,0.72,0.05906421077512475,9,49.782311105473994,2.7554552980815448e-17,none,,승인가능
DOC-000125,1,0.6386260889876955,frozen,0.48,0.058690287286990536,11,131.64536318445462,0.38971143170299744,none,,승인가능
DOC-000126,1,0.8813189411799143,vegetable,0.561851874525168,0.0011981748005602394,8,116.11582030759396,0.8227241335952168,none,,승인가능
DOC-000127,0,0.05383417998173614,vegetable,0.5479213433588199,0.1341168380894921,12,26.248727211800976,-0.8227241335952168,none,,승인가능
DOC-000128,0,0.5571960502316234,sauce,0.5376007584991788,0.06680911921103877,10,85.85570047222696,-0.14999999999999994,none,,승인가능
DOC-000129,0,0.6973360516686403,frozen,0.7185558772859356,0.04959781475475957,11,12.409054230415018,0.38971143170299744,none,,승인가능
DOC-000130,1,0.8579565381639143,grain,0.68,0.05780737376648084,9,168.41152500891718,0.30310889132455354,none,,승인가능
DOC-000131,1,0.39727117698992515,vegetable,0.55,0.07646540978412801,9,21.825892915064355,0.4750000000000001,none,,승인가능
DOC-000132,0,0.02,vegetable,0.7734907905857604,0.029283169461418835,4,34.34322165808009,5.817072295949927e-17,missing_required,missing_required,확인필요
DOC-000133,0,0.9144789788143582,seafood,0.7734907905857604,0.06997979799869575,1,133.98405969535082,0.85,none,,승인가능
DOC-000134,1,0.931321716515951,frozen,0.8990778262786678,0.0691479162555366,9,121.69219849937683,2.7554552980815448e-17,none,,승인가능
DOC-000135,0,0.5736980080531111,meat,0.48,0.07132244069928498,6,250.54732345217485,3.367778697655222e-17,none,,승인가능
DOC-000136,1,0.7668498322495337,vegetable,0.5376007584991788,-0.0019832188345023346,11,27.87240840305969,-0.47499999999999976,none,,승인가능
DOC-000137,0,0.8373789441534794,grain,0.68,0.06844457559713152,10,163.66907765419043,0.35,none,,승인가능
DOC-000138,1,0.9415565993770104,vegetable,0.8,0.03427638411050277,6,101.69243535673115,0.8227241335952168,none,,승인가능
DOC-000139,1,0.3786283705906727,vegetable,0.7734907905857604,0.10035476376387935,12,23.203167098448258,-0.8227241335952168,none,,승인가능
DOC-000140,1,0.8039212832684175,frozen,0.7185558772859356,0.018995248723066127,5,17.30974411991969,-0.3897114317029975,none,,승인가능
DOC-000141,0,0.05395742950724948,frozen,0.5987221485779054,0.21744543800632496,5,121.36390096234781,-0.3897114317029975,none,,승인가능
DOC-000142,0,0.33939244686846126,dairy,0.5376007584991788,0.08567354042098983,6,38.606118614870866,2.4492935982947065e-17,none,,승인가능
DOC-000143,1,0.7689918624743958,meat,0.5376007584991788,0.037043739357975614,11,117.17901855766445,0.2750000000000001,none,,승인가능
DOC-000144,0,0.1451652093040991,meat,0.7185558772859356,0.23757706988108257,7,60.01487216656289,0.2750000000000001,none,,승인가능
DOC-000145,0,0.9444566980819805,dairy,0.7734907905857604,0.022994848091876997,5,155.51742981413145,0.20000000000000007,none,,승인가능
DOC-000146,1,0.6610616179348314,grain,0.55,0.04712269761282825,9,58.056719921963236,0.30310889132455354,none,,승인가능
DOC-000147,1,0.8553548285126051,seafood,0.8,0.08030213992988995,2,55.71950846738995,0.7361215932167728,none,,승인가능
DOC-000148,1,0.5112312035226653,dairy,0.5987221485779054,0.08633800679153639,5,52.28633241777517,0.20000000000000007,none,,승인가능
DOC-000149,1,0.7055974987557555,sauce,0.7185558772859356,0.0629784876425093,3,36.012050066669666,1.8369701987210297e-17,none,,승인가능
DOC-000150,1,0.917484723040587,sauce,0.8,0.032937050219725074,6,66.72245519680241,0.3,none,,승인가능
DOC-000151,0,0.02,grain,0.48,0.034498623251785036,9,165.55773983520544,0.30310889132455354,duplicate,duplicate_suspected,보류필요
DOC-000152,0,0.6059435253051901,dairy,0.5376007584991788,0.03311050817358818,3,25.32688540316513,0.4,none,,승인가능
DOC-000153,1,0.8290305602662762,sauce,0.5987221485779054,0.013644226906234312,12,64.12455879540215,-0.3,none,,승인가능
DOC-000154,1,0.6951078233998522,grain,0.5987221485779054,0.024616898882911162,8,21.79749633951688,0.17500000000000002,none,,승인가능
DOC-000155,1,0.8615428043563306,dairy,0.8,0.07420673571154113,8,153.64440971018473,-0.3464101615137755,none,,승인가능
DOC-000156,1,0.9622904781564909,meat,0.8990778262786678,0.04908736599452085,9,147.01788347086224,0.55,none,,승인가능
DOC-000157,1,0.9548660734303676,grain,0.8990778262786678,0.054817430028654066,1,237.91188851507778,-6.429395695523604e-17,none,,승인가능
DOC-000158,0,0.3876209345070337,grain,0.72,0.09232811474921883,7,5.878224974847293,2.143131898507868e-17,none,,승인가능
DOC-000159,0,0.13776110078166853,grain,0.5376007584991788,0.18848795912427874,11,88.52971193800448,0.30310889132455354,none,,승인가능
DOC-000160,1,0.6440387597416455,dairy,0.5987221485779054,0.036690647606394955,11,29.357615036939116,-0.20000000000000018,none,,승인가능
DOC-000161,0,0.36771328244205775,grain,0.72,0.09652840069212704,6,10.824556801180096,-0.1749999999999999,none,,승인가능
DOC-000162,0,0.02,packaging,0.7185558772859356,0.010535325537537221,11,43.364266196317374,0.04330127018922192,unit_mismatch,spec_mismatch;unit_mismatch,보류필요
DOC-000163,1,0.7200723335869577,dairy,0.5376007584991788,0.02690661656977792,10,66.58202354376897,-0.34641016151377557,none,,승인가능
DOC-000164,1,0.7985982659679218,frozen,0.5987221485779054,0.005805040713154172,8,31.390687934758965,-0.2249999999999999,none,,승인가능
DOC-000165,0,0.02,vegetable,0.68,0.021299060617328665,11,129.73147301364625,-0.47499999999999976,unit_mismatch,spec_mismatch;unit_mismatch,보류필요
DOC-000166,1,0.789052128647437,frozen,0.8,0.06632069872192825,6,54.4783786189763,-0.45,none,,승인가능
DOC-000167,1,0.6725790434469094,packaging,0.5987221485779054,0.07065641381898168,8,108.54050631224146,-0.025000000000000022,none,,승인가능
DOC-000168,1,0.8184694928819121,meat,0.8,0.058589708497271735,6,40.12064992820464,3.367778697655222e-17,none,,승인가능
DOC-000169,0,0.46937102335221376,vegetable,0.5987221485779054,0.057478574926629784,3,25.15171377484481,-0.47499999999999976,none,,승인가능
DOC-000170,1,0.6962922071565323,seafood,0.5987221485779054,0.017146844652190803,3,12.414021965815563,0.4250000000000001,none,,승인가능
DOC-000171,1,0.8556032862876863,vegetable,0.5376007584991788,0.012848708678064452,4,179.99734783097978,5.817072295949927e-17,none,,승인가능
DOC-000172,1,0.8909830208281758,packaging,0.72,0.002690971392612661,11,32.6262307557277,0.04330127018922192,none,,승인가능
DOC-000173,0,0.31296814753851054,frozen,0.5479213433588199,0.14629671458538737,3,480.02658343695975,-8.266365894244634e-17,none,,승인가능
DOC-000174,1,0.6529251645930211,packaging,0.7185558772859356,0.0877385953645679,11,51.42581336059279,0.04330127018922192,none,,승인가능
DOC-000175,0,0.913566738853979,grain,0.8,0.0398042267097878,7,86.0514962598834,2.143131898507868e-17,none,,승인가능
DOC-000176,0,0.5728960714425964,seafood,0.48,0.014480330735471239,1,11.793227545328174,0.85,none,,승인가능
DOC-000177,0,0.42945667788782804,frozen,0.72,0.15146036276927682,10,59.9412400560401,0.22500000000000006,none,,승인가능
DOC-000178,1,0.896978228080758,sauce,0.7185558772859356,0.007068146623004819,6,43.16289816243454,0.3,none,,승인가능
DOC-000179,1,0.9124813344524809,meat,0.72,0.030941751990809802,5,185.9823373561604,-0.2749999999999999,none,,승인가능
DOC-000180,0,0.43134824701608254,packaging,0.48,0.09422722702073394,7,188.23410490920804,-0.043301270189221946,none,,승인가능
DOC-000181,1,0.867778023787641,dairy,0.7734907905857604,0.04418329294909248,7,65.14199042683997,-0.19999999999999993,none,,승인가능
DOC-000182,0,0.03503914066918995,frozen,0.5479213433588199,0.20979562625497292,5,89.51822967535031,-0.3897114317029975,none,,승인가능
DOC-000183,1,0.7723763559322384,seafood,0.5376007584991788,0.020937585526419455,9,84.73167210220073,-0.4250000000000004,none,,승인가능
DOC-000184,0,0.6001436243448508,vegetable,0.7185558772859356,0.07411634322936182,12,52.513174102699296,-0.8227241335952168,none,,승인가능
DOC-000185,0,0.770690506209928,meat,0.5376007584991788,0.03293481636339597,4,163.16024589746033,-0.47631397208144133,none,,승인가능
DOC-000186,1,0.9094318982709679,grain,0.8,0.036460740803511735,8,65.9577001748051,0.17500000000000002,none,,승인가능
DOC-000187,1,0.7812030783599841,vegetable,0.72,0.05743717562620771,1,109.048933743793,-0.95,none,,승인가능
DOC-000188,0,0.8752373982561416,vegetable,0.72,0.03151953929988532,9,57.800691202646014,0.4750000000000001,none,,승인가능
DOC-000189,1,0.9363053404858291,dairy,0.7734907905857604,0.02508169190920724,10,154.59590455754585,-0.34641016151377557,none,,승인가능
DOC-000190,0,0.02,sauce,0.5987221485779054,0.04473552443279665,2,72.60178710163319,-0.14999999999999994,missing_required,missing_required,확인필요
DOC-000191,1,0.6745626071014694,grain,0.5479213433588199,0.06312276908869423,7,144.60363158271304,2.143131898507868e-17,none,,승인가능
DOC-000192,0,0.029629777095452767,meat,0.8,0.2824457163938165,4,65.2859611929105,-0.47631397208144133,none,,승인가능
DOC-000193,0,0.3295620349534324,sauce,0.5987221485779054,0.0700772255020078,12,10.456893996150626,-0.3,none,,승인가능
DOC-000194,0,0.6886825504734055,seafood,0.68,0.06541489645548151,6,86.00434035585653,-0.7361215932167728,none,,승인가능
DOC-000195,1,0.34051111002269907,packaging,0.7185558772859356,0.11119482822793134,6,15.393381117104573,-0.05,none,,승인가능
DOC-000196,0,0.2776171690101582,frozen,0.561851874525168,0.11408300548317465,2,38.77702646564067,0.22500000000000006,none,,승인가능
DOC-000197,1,0.30017491559148807,frozen,0.8990778262786678,0.23324609183135703,2,36.59025262108452,0.22500000000000006,none,,승인가능
DOC-000198,1,0.8605162480374412,meat,0.7185558772859356,0.03719008596922227,3,90.37928661468955,-0.55,none,,승인가능
DOC-000199,1,0.9159767397756798,vegetable,0.72,0.002537843495249749,12,57.14368702110051,-0.8227241335952168,none,,승인가능
DOC-000200,1,0.6785671906948917,vegetable,0.5987221485779054,0.02764154799944437,1,35.425114211644036,-0.95,none,,승인가능
DOC-000201,1,0.8831018656352797,dairy,0.8,0.05795427901172944,11,100.0915515460075,-0.20000000000000018,none,,승인가능
DOC-000202,0,0.02,seafood,0.7185558772859356,0.012658212005722418,10,90.06389167320866,-1.5614246689128752e-16,duplicate,duplicate_suspected,보류필요
DOC-000203,1,0.6470082025660914,vegetable,0.5479213433588199,0.05707333824351871,12,233.5322281083667,-0.8227241335952168,none,,승인가능
DOC-000204,1,0.757067110981117,frozen,0.5376007584991788,0.033480673423034395,6,134.48841292522408,-0.45,none,,승인가능
DOC-000205,0,0.911897439834309,frozen,0.8,0.03369940930191366,10,62.72938951469195,0.22500000000000006,none,,승인가능
DOC-000206,0,0.02,meat,0.5376007584991788,0.0813461962246213,6,187.7403162998335,3.367778697655222e-17,spec_mismatch,spec_mismatch,보류필요
DOC-000207,1,0.8424863961005155,seafood,0.7185558772859356,0.056124513636600135,5,147.90571825893565,-0.4249999999999998,none,,승인가능
DOC-000208,1,0.5448618144172093,grain,0.5479213433588199,0.08836717283914139,10,89.00503553439219,0.35,none,,승인가능
DOC-000209,0,0.02,sauce,0.7185558772859356,0.023700916337044027,7,17.07050734100799,0.2598076211353316,unit_mismatch,spec_mismatch;unit_mismatch,보류필요
DOC-000210,1,0.14829182483156833,vegetable,0.5987221485779054,0.20740314010070374,8,34.343712043558874,0.8227241335952168,none,,승인가능
DOC-000211,0,0.4884528843517848,meat,0.5987221485779054,0.08166075337966369,7,37.222622939838374,0.2750000000000001,none,,승인가능
DOC-000212,1,0.5803481426663973,sauce,0.5376007584991788,0.07545425148677912,12,191.065012666316,-0.3,none,,승인가능
DOC-000213,1,0.9605885146059082,grain,0.72,-0.03386007783621241,2,67.40118786234267,-0.17500000000000016,none,,승인가능
DOC-000214,1,0.7538353017515849,frozen,0.7734907905857604,0.047528420070452757,9,15.862918794702408,2.7554552980815448e-17,none,,승인가능
DOC-000215,0,0.39236366363624475,dairy,0.48,0.09318228344986068,4,76.89569623834349,0.3464101615137755,none,,승인가능
DOC-000216,0,0.12488886250824366,dairy,0.68,0.23952350173898865,1,81.81454711004811,0.20000000000000007,none,,승인가능
DOC-000217,1,0.870083757474142,meat,0.5376007584991788,-0.007889410286958333,5,85.74082864881156,-0.2749999999999999,none,,승인가능
DOC-000218,1,0.7334486332878719,meat,0.7185558772859356,0.0376430076160973,12,15.207515845108944,3.367778697655222e-17,none,,승인가능
DOC-000219,1,0.7225633244406262,sauce,0.5479213433588199,0.043481869061188914,1,118.1918527341961,-0.2598076211353316,none,,승인가능
DOC-000220,0,0.023593913370199365,meat,0.561851874525168,0.22275886443186876,4,85.36862888366484,-0.47631397208144133,none,,승인가능
DOC-000221,0,0.8393770312574014,frozen,0.7734907905857604,0.013514634125358464,12,4.979131331762808,0.45,none,,승인가능
DOC-000222,1,0.5992493199131046,meat,0.72,0.05577618972168639,3,16.489526488074002,-0.55,none,,승인가능
DOC-000223,1,0.9344166021634529,sauce,0.7185558772859356,-0.0002088182743126485,8,82.25917698943631,0.15000000000000002,none,,승인가능
DOC-000224,1,0.8058860978784844,grain,0.7185558772859356,0.021571411168387733,10,14.923068542967476,0.35,none,,승인가능
DOC-000225,1,0.589763349597255,sauce,0.7185558772859356,0.0813366020930335,4,24.738643427143625,0.15000000000000002,none,,승인가능
DOC-000226,1,0.9400731887904995,frozen,0.68,-0.01985575460437312,10,71.03469996842561,0.22500000000000006,none,,승인가능
DOC-000227,0,0.81677967024626,vegetable,0.7185558772859356,0.039824070631366844,9,34.9143612599627,0.4750000000000001,none,,승인가능
DOC-000228,1,0.7272396816354606,vegetable,0.55,0.04703448855455958,4,117.17097197078105,5.817072295949927e-17,none,,승인가능
DOC-000229,0,0.428502735363329,vegetable,0.48,0.12677303234964166,7,100.62577437000381,0.95,none,,승인가능
DOC-000230,0,0.18986389627835334,vegetable,0.561851874525168,0.1825837557278869,7,33.65489364347262,0.95,none,,승인가능
DOC-000231,1,0.985033906574992,grain,0.8990778262786678,-0.015459360942352006,6,184.55053695512052,-0.1749999999999999,none,,승인가능
DOC-000232,0,0.9309027989192246,vegetable,0.72,0.028282041511322662,7,144.55533411849245,0.95,none,,승인가능
DOC-000233,1,0.3349869599137217,frozen,0.561851874525168,0.08341695120261466,7,40.984831469767485,-0.38971143170299744,none,,승인가능
DOC-000234,0,0.6720386996334035,vegetable,0.72,0.09666899301372991,8,31.20751958135638,0.8227241335952168,none,,승인가능
DOC-000235,1,0.6902564857617567,dairy,0.7185558772859356,0.04751374173856046,7,18.974909865627158,-0.19999999999999993,none,,승인가능
DOC-000236,0,0.84242337641048,seafood,0.7734907905857604,0.07071207413410699,12,50.292814696612396,0.7361215932167726,none,,승인가능
DOC-000237,1,0.94224315318565,meat,0.8,0.033574347322534004,9,118.69074720093096,0.55,none,,승인가능
DOC-000238,0,0.32769934888153157,dairy,0.7185558772859356,0.13162960539767987,8,47.68852055100437,-0.3464101615137755,none,,승인가능
DOC-000239,1,0.9207022309031808,meat,0.7734907905857604,0.023740032327095737,4,90.9277589196647,-0.47631397208144133,none,,승인가능
DOC-000240,0,0.3984724512147089,meat,0.5376007584991788,0.07245355451516146,1,45.44021203583409,-0.27500000000000024,none,,승인가능
DOC-000241,0,0.02,packaging,0.7734907905857604,0.028471171017738668,6,24.784586074198682,-0.05,unit_mismatch,spec_mismatch;unit_mismatch,보류필요
DOC-000242,1,0.7160799091742647,dairy,0.561851874525168,0.028123092766051832,10,54.73224409338546,-0.34641016151377557,none,,승인가능
DOC-000243,1,0.461983170951493,dairy,0.5376007584991788,0.07513936037645774,12,57.21122960036302,-7.347880794884119e-17,none,,승인가능
DOC-000244,1,0.8338769608763,grain,0.5376007584991788,0.01746206716855104,6,152.89252098929978,-0.1749999999999999,none,,승인가능
DOC-000245,1,0.8757477248939224,sauce,0.5479213433588199,0.010260943951063105,8,248.43235778072264,0.15000000000000002,none,,승인가능
DOC-000246,1,0.6527147334369616,sauce,0.7185558772859356,0.06526152309779987,11,32.649233803082595,-0.2598076211353316,none,,승인가능
DOC-000247,1,0.23122730477420128,vegetable,0.5376007584991788,0.17190636187730357,6,56.10377889752364,0.8227241335952168,none,,승인가능
DOC-000248,0,0.02,grain,0.5479213433588199,-0.004876685491398761,4,124.10563797806867,-0.35,duplicate,duplicate_suspected,보류필요
DOC-000249,0,0.8194135719666896,sauce,0.7734907905857604,0.02895168161329706,9,15.568672334566282,1.8369701987210297e-17,none,,승인가능
DOC-000250,1,0.9086359213291183,frozen,0.7185558772859356,0.03976190886398519,12,140.9030354186249,0.45,none,,승인가능
DOC-000251,1,0.8112220839478246,grain,0.55,0.012331404281762735,8,70.65140386927644,0.17500000000000002,none,,승인가능
DOC-000252,0,0.8262515042376237,vegetable,0.7185558772859356,0.01871306540064875,10,21.50467584196113,5.817072295949927e-17,none,,승인가능
DOC-000253,0,0.4276267016206768,vegetable,0.5987221485779054,0.06864444199617861,4,19.19969182547651,5.817072295949927e-17,none,,승인가능
DOC-000254,1,0.6296448767857408,meat,0.72,0.05818868585141772,5,19.310757441750688,-0.2749999999999999,none,,승인가능
DOC-000255,1,0.7911855839916416,packaging,0.48,0.023520078887590237,12,310.546087068192,0.05,none,,승인가능
DOC-000256,1,0.7597198539231593,seafood,0.72,0.06482559584898256,3,41.306951871862616,0.4250000000000001,none,,승인가능
DOC-000257,0,0.6340317626446875,frozen,0.5479213433588199,0.09253979634829865,11,234.34145951160076,0.38971143170299744,none,,승인가능
DOC-000258,1,0.8621622312353013,seafood,0.561851874525168,0.01409230132184968,12,121.95234339468307,0.7361215932167726,none,,승인가능
DOC-000259,0,0.6860378826374826,sauce,0.561851874525168,0.05171516225557791,7,73.32713594819558,0.2598076211353316,none,,승인가능
DOC-000260,0,0.10037640899019293,seafood,0.5987221485779054,0.10534623773091645,7,7.492350264419856,-0.85,none,,승인가능
DOC-000261,1,0.9128190914978075,sauce,0.8,0.06711247689335573,8,236.65062107184983,0.15000000000000002,none,,승인가능
DOC-000262,0,0.4250151740152828,meat,0.5376007584991788,0.0727747834748193,3,67.59561137277045,-0.55,none,,승인가능
DOC-000263,1,0.7730421252993501,frozen,0.5987221485779054,0.04439572522599568,3,99.72415420640178,-8.266365894244634e-17,none,,승인가능
DOC-000264,1,0.8774162573688951,meat,0.7734907905857604,0.027657014828146705,3,48.57571029348557,-0.55,none,,승인가능
DOC-000265,0,0.8445598192523156,vegetable,0.7734907905857604,0.08201440745656613,10,138.8302287971043,5.817072295949927e-17,none,,승인가능
DOC-000266,1,0.7531120206638141,sauce,0.5987221485779054,0.06830429843653689,6,155.788691606324,0.3,none,,승인가능
DOC-000267,1,0.7665468686342667,sauce,0.72,0.04855735081341431,7,30.335390118400834,0.2598076211353316,none,,승인가능
DOC-000268,0,0.42198522154962326,sauce,0.7185558772859356,0.15896904577237952,5,65.15351776465701,0.2598076211353316,none,,승인가능
DOC-000269,1,0.6110519062939374,sauce,0.5987221485779054,0.03697059970494675,5,15.749210713164718,0.2598076211353316,none,,승인가능
DOC-000270,1,0.7697336326610342,grain,0.7734907905857604,0.03683303075904264,5,13.512375568073375,-0.30310889132455354,none,,승인가능
DOC-000271,0,0.02,vegetable,0.8990778262786678,0.0010636936042648162,8,123.88252124561801,0.8227241335952168,duplicate,duplicate_suspected,보류필요
DOC-000272,0,0.04312906003962407,sauce,0.7185558772859356,0.2226643215612993,1,30.129597053666174,-0.2598076211353316,none,,승인가능
DOC-000273,0,0.518366863158176,vegetable,0.5376007584991788,0.054365374415332166,3,54.54599832197914,-0.47499999999999976,none,,승인가능
DOC-000274,0,0.677929918135977,vegetable,0.48,0.03063204259221501,5,67.18678025527332,0.4750000000000001,none,,승인가능
DOC-000275,1,0.9530312669673154,dairy,0.8,-0.0008888755018672592,9,71.76500986237951,-0.4,none,,승인가능
DOC-000276,1,0.613540331158926,dairy,0.48,0.06878731075909571,5,254.06907101060668,0.20000000000000007,none,,승인가능
DOC-000277,0,0.02,vegetable,0.7185558772859356,0.2638685477182876,6,86.68208362169945,0.8227241335952168,spec_mismatch,spec_mismatch,보류필요
DOC-000278,0,0.6854439987458989,dairy,0.561851874525168,0.07296007575970101,5,166.9417442172652,0.20000000000000007,none,,승인가능
DOC-000279,0,0.012130346742178605,sauce,0.5987221485779054,0.24784571192151755,3,21.68829093288825,1.8369701987210297e-17,none,,승인가능
DOC-000280,1,0.8193123034869915,dairy,0.8,0.09892842241138736,3,77.7491009294512,0.4,none,,승인가능
DOC-000281,0,0.02,sauce,0.7185558772859356,0.18615800678431263,6,186.2568929803534,0.3,duplicate,duplicate_suspected,보류필요
DOC-000282,1,0.6631735372696275,meat,0.55,0.07013202713328567,11,123.27192495180422,0.2750000000000001,none,,승인가능
DOC-000283,1,0.9013481240163433,vegetable,0.8,0.0324101149249047,3,66.2846367769719,-0.47499999999999976,none,,승인가능
DOC-000284,0,0.5834001409859096,sauce,0.7734907905857604,0.1131418013017477,11,61.01787930682534,-0.2598076211353316,none,,승인가능
DOC-000285,1,0.32535524495059587,sauce,0.5987221485779054,0.08262331881704418,1,21.814225544979315,-0.2598076211353316,none,,승인가능
DOC-000286,1,0.8874707098615506,dairy,0.5479213433588199,0.002257654302024127,4,186.98294024959054,0.3464101615137755,none,,승인가능
DOC-000287,0,0.7112346437986565,vegetable,0.7734907905857604,0.04360738541327133,3,10.112619271407063,-0.47499999999999976,none,,승인가능
DOC-000288,1,0.9437245166442095,sauce,0.72,0.0025663992441317452,8,126.75620476339225,0.15000000000000002,none,,승인가능
DOC-000289,0,0.02,sauce,0.7185558772859356,0.1846305257948322,4,171.53743253834097,0.15000000000000002,missing_required,missing_required,확인필요
DOC-000290,0,0.02,vegetable,0.68,0.02708754614067342,11,260.22769534930524,-0.47499999999999976,missing_required,missing_required,확인필요
DOC-000291,0,0.7271202807500353,sauce,0.8,0.11518822028849153,9,87.49264775859278,1.8369701987210297e-17,none,,승인가능
DOC-000292,1,0.5982923325372055,dairy,0.5987221485779054,0.03142686756779832,5,8.928349849105174,0.20000000000000007,none,,승인가능
DOC-000293,0,0.8004052336655467,frozen,0.48,-0.0026297746544674022,1,68.94436917306012,0.38971143170299727,none,,승인가능
DOC-000294,0,0.039475159856426106,sauce,0.68,0.22975478131738633,11,45.61689201846282,-0.2598076211353316,none,,승인가능
DOC-000295,0,0.5489482955366475,meat,0.5376007584991788,0.09885605445717807,11,165.52832102327952,0.2750000000000001,none,,승인가능
DOC-000296,1,0.6717189766669714,packaging,0.8,0.09802884448587663,9,39.74436391660596,-9.184850993605149e-18,none,,승인가능
DOC-000297,1,0.9592022162321209,vegetable,0.8990778262786678,0.0484703031834451,6,98.03893753869642,0.8227241335952168,none,,승인가능
DOC-000298,0,0.2281551525836368,vegetable,0.72,0.23747930385584415,5,70.32160729200669,0.4750000000000001,none,,승인가능
DOC-000299,0,0.02,meat,0.8,0.056774406283088594,7,34.7546421850664,0.2750000000000001,missing_required,missing_required,확인필요
